<idynomics>
 <simulation iterate="280" time="28.000000000000128" unit="hour">
<thickness domain="MyBiofilm" unit="um">
	<mean>31.393939393939394</mean>
	<stddev>7.377029844704456</stddev>
	<max>44.0</max>
</thickness>
<globalProductionRate>
<solute name="o2d" unit="g.hour">
-0.05908098329253471</solute><solute name="MyNH4" unit="g.hour">
-0.002136715069415567</solute><solute name="MyNO3" unit="g.hour">
0.002136715069415567</solute><solute name="MyCOD" unit="g.hour">
-0.11082868896631083</solute><solute name="pressure" unit="g.hour">
0.0</solute></globalProductionRate>
<bulk name="MyTank">
<solute name="o2d" unit="g.L-1">0.01</solute>
<solute name="MyNH4" unit="g.L-1">0.006</solute>
<solute name="MyNO3" unit="g.L-1">0.0</solute>
<solute name="MyCOD" unit="g.L-1">0.01</solute>
<solute name="pressure" unit="g.L-1">0.0</solute>
<uptake_rate name="o2d" unit="g.L-1.hour-1">0.0</uptake_rate>
<uptake_rate name="MyNH4" unit="g.L-1.hour-1">0.0</uptake_rate>
<uptake_rate name="MyNO3" unit="g.L-1.hour-1">0.0</uptake_rate>
<uptake_rate name="MyCOD" unit="g.L-1.hour-1">0.0</uptake_rate>
<uptake_rate name="pressure" unit="g.L-1.hour-1">0.0</uptake_rate>
</bulk>

</simulation>
</idynomics>
