<idynomics>
 <simulation iterate="240" time="24.00000000000007" unit="hour">
<thickness domain="MyBiofilm" unit="um">
	<mean>24.235294117647058</mean>
	<stddev>7.058823529411764</stddev>
	<max>36.0</max>
</thickness>
<globalProductionRate>
<solute name="o2d" unit="g.hour">
-0.054843233641883156</solute><solute name="MyNH4" unit="g.hour">
-0.00194751799091131</solute><solute name="MyNO3" unit="g.hour">
0.00194751799091131</solute><solute name="MyCOD" unit="g.hour">
-0.10649207447881434</solute><solute name="pressure" unit="g.hour">
0.0</solute></globalProductionRate>
<bulk name="MyTank">
<solute name="o2d" unit="g.L-1">0.01</solute>
<solute name="MyNH4" unit="g.L-1">0.006</solute>
<solute name="MyNO3" unit="g.L-1">0.0</solute>
<solute name="MyCOD" unit="g.L-1">0.01</solute>
<solute name="pressure" unit="g.L-1">0.0</solute>
<uptake_rate name="o2d" unit="g.L-1.hour-1">0.0</uptake_rate>
<uptake_rate name="MyNH4" unit="g.L-1.hour-1">0.0</uptake_rate>
<uptake_rate name="MyNO3" unit="g.L-1.hour-1">0.0</uptake_rate>
<uptake_rate name="MyCOD" unit="g.L-1.hour-1">0.0</uptake_rate>
<uptake_rate name="pressure" unit="g.L-1.hour-1">0.0</uptake_rate>
</bulk>

</simulation>
</idynomics>
