<idynomics>
 <simulation iterate="380" time="38.00000000000027" unit="hour">
<thickness domain="MyBiofilm" unit="um">
	<mean>50.303030303030305</mean>
	<stddev>7.304978993124541</stddev>
	<max>60.0</max>
</thickness>
<globalProductionRate>
<solute name="o2d" unit="g.hour">
-0.07109569069276123</solute><solute name="MyNH4" unit="g.hour">
-0.0028000848680237557</solute><solute name="MyNO3" unit="g.hour">
0.0028000848680237557</solute><solute name="MyCOD" unit="g.hour">
-0.11935090861711352</solute><solute name="pressure" unit="g.hour">
0.0</solute></globalProductionRate>
<bulk name="MyTank">
<solute name="o2d" unit="g.L-1">0.01</solute>
<solute name="MyNH4" unit="g.L-1">0.006</solute>
<solute name="MyNO3" unit="g.L-1">0.0</solute>
<solute name="MyCOD" unit="g.L-1">0.01</solute>
<solute name="pressure" unit="g.L-1">0.0</solute>
<uptake_rate name="o2d" unit="g.L-1.hour-1">0.0</uptake_rate>
<uptake_rate name="MyNH4" unit="g.L-1.hour-1">0.0</uptake_rate>
<uptake_rate name="MyNO3" unit="g.L-1.hour-1">0.0</uptake_rate>
<uptake_rate name="MyCOD" unit="g.L-1.hour-1">0.0</uptake_rate>
<uptake_rate name="pressure" unit="g.L-1.hour-1">0.0</uptake_rate>
</bulk>

</simulation>
</idynomics>
