<idynomics>
 <simulation iterate="260" time="26.0000000000001" unit="hour">
<thickness domain="MyBiofilm" unit="um">
	<mean>27.058823529411764</mean>
	<stddev>6.932197582426464</stddev>
	<max>44.0</max>
</thickness>
<globalProductionRate>
<solute name="o2d" unit="g.hour">
-0.057531471952653</solute><solute name="MyNH4" unit="g.hour">
-0.0020424053356251364</solute><solute name="MyNO3" unit="g.hour">
0.0020424053356251364</solute><solute name="MyCOD" unit="g.hour">
-0.11026287092034241</solute><solute name="pressure" unit="g.hour">
0.0</solute></globalProductionRate>
<bulk name="MyTank">
<solute name="o2d" unit="g.L-1">0.01</solute>
<solute name="MyNH4" unit="g.L-1">0.006</solute>
<solute name="MyNO3" unit="g.L-1">0.0</solute>
<solute name="MyCOD" unit="g.L-1">0.01</solute>
<solute name="pressure" unit="g.L-1">0.0</solute>
<uptake_rate name="o2d" unit="g.L-1.hour-1">0.0</uptake_rate>
<uptake_rate name="MyNH4" unit="g.L-1.hour-1">0.0</uptake_rate>
<uptake_rate name="MyNO3" unit="g.L-1.hour-1">0.0</uptake_rate>
<uptake_rate name="MyCOD" unit="g.L-1.hour-1">0.0</uptake_rate>
<uptake_rate name="pressure" unit="g.L-1.hour-1">0.0</uptake_rate>
</bulk>

</simulation>
</idynomics>
