<idynomics>
 <simulation iterate="660" time="66.00000000000053" unit="hour">
<thickness domain="MyBiofilm" unit="um">
	<mean>95.15151515151516</mean>
	<stddev>7.353091339686353</stddev>
	<max>108.0</max>
</thickness>
<globalProductionRate>
<solute name="o2d" unit="g.hour">
-0.08356267504867211</solute><solute name="MyNH4" unit="g.hour">
-0.004722715878065946</solute><solute name="MyNO3" unit="g.hour">
0.004722715878065946</solute><solute name="MyCOD" unit="g.hour">
-0.09996453444224074</solute><solute name="pressure" unit="g.hour">
0.0</solute></globalProductionRate>
<bulk name="MyTank">
<solute name="o2d" unit="g.L-1">0.01</solute>
<solute name="MyNH4" unit="g.L-1">0.006</solute>
<solute name="MyNO3" unit="g.L-1">0.0</solute>
<solute name="MyCOD" unit="g.L-1">0.01</solute>
<solute name="pressure" unit="g.L-1">0.0</solute>
<uptake_rate name="o2d" unit="g.L-1.hour-1">0.0</uptake_rate>
<uptake_rate name="MyNH4" unit="g.L-1.hour-1">0.0</uptake_rate>
<uptake_rate name="MyNO3" unit="g.L-1.hour-1">0.0</uptake_rate>
<uptake_rate name="MyCOD" unit="g.L-1.hour-1">0.0</uptake_rate>
<uptake_rate name="pressure" unit="g.L-1.hour-1">0.0</uptake_rate>
</bulk>

</simulation>
</idynomics>
