<idynomics>
 <simulation iterate="160" time="15.99999999999996" unit="hour">
<thickness domain="MyBiofilm" unit="um">
	<mean>12.484848484848484</mean>
	<stddev>5.549344553822833</stddev>
	<max>20.0</max>
</thickness>
<globalProductionRate>
<solute name="o2d" unit="g.hour">
-0.0365247594564385</solute><solute name="MyNH4" unit="g.hour">
-0.0019575707742000995</solute><solute name="MyNO3" unit="g.hour">
0.0019575707742000995</solute><solute name="MyCOD" unit="g.hour">
-0.0673495425521024</solute><solute name="pressure" unit="g.hour">
0.0</solute></globalProductionRate>
<bulk name="MyTank">
<solute name="o2d" unit="g.L-1">0.01</solute>
<solute name="MyNH4" unit="g.L-1">0.006</solute>
<solute name="MyNO3" unit="g.L-1">0.0</solute>
<solute name="MyCOD" unit="g.L-1">0.01</solute>
<solute name="pressure" unit="g.L-1">0.0</solute>
<uptake_rate name="o2d" unit="g.L-1.hour-1">0.0</uptake_rate>
<uptake_rate name="MyNH4" unit="g.L-1.hour-1">0.0</uptake_rate>
<uptake_rate name="MyNO3" unit="g.L-1.hour-1">0.0</uptake_rate>
<uptake_rate name="MyCOD" unit="g.L-1.hour-1">0.0</uptake_rate>
<uptake_rate name="pressure" unit="g.L-1.hour-1">0.0</uptake_rate>
</bulk>

</simulation>
</idynomics>
