<idynomics>
 <simulation iterate="600" time="60.00000000000058" unit="hour">
<thickness domain="MyBiofilm" unit="um">
	<mean>87.15151515151516</mean>
	<stddev>6.513953378203348</stddev>
	<max>100.0</max>
</thickness>
<globalProductionRate>
<solute name="o2d" unit="g.hour">
-0.08181979485046151</solute><solute name="MyNH4" unit="g.hour">
-0.0042727090259165705</solute><solute name="MyNO3" unit="g.hour">
0.0042727090259165705</solute><solute name="MyCOD" unit="g.hour">
-0.10539089335046403</solute><solute name="pressure" unit="g.hour">
0.0</solute></globalProductionRate>
<bulk name="MyTank">
<solute name="o2d" unit="g.L-1">0.01</solute>
<solute name="MyNH4" unit="g.L-1">0.006</solute>
<solute name="MyNO3" unit="g.L-1">0.0</solute>
<solute name="MyCOD" unit="g.L-1">0.01</solute>
<solute name="pressure" unit="g.L-1">0.0</solute>
<uptake_rate name="o2d" unit="g.L-1.hour-1">0.0</uptake_rate>
<uptake_rate name="MyNH4" unit="g.L-1.hour-1">0.0</uptake_rate>
<uptake_rate name="MyNO3" unit="g.L-1.hour-1">0.0</uptake_rate>
<uptake_rate name="MyCOD" unit="g.L-1.hour-1">0.0</uptake_rate>
<uptake_rate name="pressure" unit="g.L-1.hour-1">0.0</uptake_rate>
</bulk>

</simulation>
</idynomics>
