<idynomics>
 <simulation iterate="700" time="70.0000000000003" unit="hour">
<thickness domain="MyBiofilm" unit="um">
	<mean>101.45454545454545</mean>
	<stddev>8.46057132926795</stddev>
	<max>116.0</max>
</thickness>
<globalProductionRate>
<solute name="o2d" unit="g.hour">
-0.08758699952391673</solute><solute name="MyNH4" unit="g.hour">
-0.005171852970394202</solute><solute name="MyNO3" unit="g.hour">
0.005171852970394202</solute><solute name="MyCOD" unit="g.hour">
-0.10158836206197347</solute><solute name="pressure" unit="g.hour">
0.0</solute></globalProductionRate>
<bulk name="MyTank">
<solute name="o2d" unit="g.L-1">0.01</solute>
<solute name="MyNH4" unit="g.L-1">0.006</solute>
<solute name="MyNO3" unit="g.L-1">0.0</solute>
<solute name="MyCOD" unit="g.L-1">0.01</solute>
<solute name="pressure" unit="g.L-1">0.0</solute>
<uptake_rate name="o2d" unit="g.L-1.hour-1">0.0</uptake_rate>
<uptake_rate name="MyNH4" unit="g.L-1.hour-1">0.0</uptake_rate>
<uptake_rate name="MyNO3" unit="g.L-1.hour-1">0.0</uptake_rate>
<uptake_rate name="MyCOD" unit="g.L-1.hour-1">0.0</uptake_rate>
<uptake_rate name="pressure" unit="g.L-1.hour-1">0.0</uptake_rate>
</bulk>

</simulation>
</idynomics>
