<idynomics>
 <simulation iterate="640" time="64.00000000000064" unit="hour">
<thickness domain="MyBiofilm" unit="um">
	<mean>92.66666666666667</mean>
	<stddev>7.859884081701063</stddev>
	<max>108.0</max>
</thickness>
<globalProductionRate>
<solute name="o2d" unit="g.hour">
-0.08373792702943132</solute><solute name="MyNH4" unit="g.hour">
-0.004634863698736194</solute><solute name="MyNO3" unit="g.hour">
0.004634863698736194</solute><solute name="MyCOD" unit="g.hour">
-0.10273495755316661</solute><solute name="pressure" unit="g.hour">
0.0</solute></globalProductionRate>
<bulk name="MyTank">
<solute name="o2d" unit="g.L-1">0.01</solute>
<solute name="MyNH4" unit="g.L-1">0.006</solute>
<solute name="MyNO3" unit="g.L-1">0.0</solute>
<solute name="MyCOD" unit="g.L-1">0.01</solute>
<solute name="pressure" unit="g.L-1">0.0</solute>
<uptake_rate name="o2d" unit="g.L-1.hour-1">0.0</uptake_rate>
<uptake_rate name="MyNH4" unit="g.L-1.hour-1">0.0</uptake_rate>
<uptake_rate name="MyNO3" unit="g.L-1.hour-1">0.0</uptake_rate>
<uptake_rate name="MyCOD" unit="g.L-1.hour-1">0.0</uptake_rate>
<uptake_rate name="pressure" unit="g.L-1.hour-1">0.0</uptake_rate>
</bulk>

</simulation>
</idynomics>
