<idynomics>
 <simulation iterate="60" time="5.999999999999995" unit="hour">
<thickness domain="MyBiofilm" unit="um">
	<mean>4.571428571428571</mean>
	<stddev>2.060315014550851</stddev>
	<max>12.0</max>
</thickness>
<globalProductionRate>
<solute name="o2d" unit="g.hour">
-0.01471220388234397</solute><solute name="MyNH4" unit="g.hour">
-0.0012766866320417832</solute><solute name="MyNO3" unit="g.hour">
0.0012766866320417832</solute><solute name="MyCOD" unit="g.hour">
-0.0228213514773437</solute><solute name="pressure" unit="g.hour">
0.0</solute></globalProductionRate>
<bulk name="MyTank">
<solute name="o2d" unit="g.L-1">0.01</solute>
<solute name="MyNH4" unit="g.L-1">0.006</solute>
<solute name="MyNO3" unit="g.L-1">0.0</solute>
<solute name="MyCOD" unit="g.L-1">0.01</solute>
<solute name="pressure" unit="g.L-1">0.0</solute>
<uptake_rate name="o2d" unit="g.L-1.hour-1">0.0</uptake_rate>
<uptake_rate name="MyNH4" unit="g.L-1.hour-1">0.0</uptake_rate>
<uptake_rate name="MyNO3" unit="g.L-1.hour-1">0.0</uptake_rate>
<uptake_rate name="MyCOD" unit="g.L-1.hour-1">0.0</uptake_rate>
<uptake_rate name="pressure" unit="g.L-1.hour-1">0.0</uptake_rate>
</bulk>

</simulation>
</idynomics>
