<idynomics>
 <simulation iterate="400" time="40.0000000000003" unit="hour">
<thickness domain="MyBiofilm" unit="um">
	<mean>53.411764705882355</mean>
	<stddev>7.38088806652147</stddev>
	<max>68.0</max>
</thickness>
<globalProductionRate>
<solute name="o2d" unit="g.hour">
-0.07261595134340204</solute><solute name="MyNH4" unit="g.hour">
-0.0028925574806278995</solute><solute name="MyNO3" unit="g.hour">
0.0028925574806278995</solute><solute name="MyCOD" unit="g.hour">
-0.11932087418717724</solute><solute name="pressure" unit="g.hour">
0.0</solute></globalProductionRate>
<bulk name="MyTank">
<solute name="o2d" unit="g.L-1">0.01</solute>
<solute name="MyNH4" unit="g.L-1">0.006</solute>
<solute name="MyNO3" unit="g.L-1">0.0</solute>
<solute name="MyCOD" unit="g.L-1">0.01</solute>
<solute name="pressure" unit="g.L-1">0.0</solute>
<uptake_rate name="o2d" unit="g.L-1.hour-1">0.0</uptake_rate>
<uptake_rate name="MyNH4" unit="g.L-1.hour-1">0.0</uptake_rate>
<uptake_rate name="MyNO3" unit="g.L-1.hour-1">0.0</uptake_rate>
<uptake_rate name="MyCOD" unit="g.L-1.hour-1">0.0</uptake_rate>
<uptake_rate name="pressure" unit="g.L-1.hour-1">0.0</uptake_rate>
</bulk>

</simulation>
</idynomics>
