<idynomics>
 <simulation iterate="680" time="68.00000000000041" unit="hour">
<thickness domain="MyBiofilm" unit="um">
	<mean>98.3529411764706</mean>
	<stddev>7.459231757245814</stddev>
	<max>108.0</max>
</thickness>
<globalProductionRate>
<solute name="o2d" unit="g.hour">
-0.08557100759744697</solute><solute name="MyNH4" unit="g.hour">
-0.004901483449764866</solute><solute name="MyNO3" unit="g.hour">
0.004901483449764866</solute><solute name="MyCOD" unit="g.hour">
-0.10135919861407038</solute><solute name="pressure" unit="g.hour">
0.0</solute></globalProductionRate>
<bulk name="MyTank">
<solute name="o2d" unit="g.L-1">0.01</solute>
<solute name="MyNH4" unit="g.L-1">0.006</solute>
<solute name="MyNO3" unit="g.L-1">0.0</solute>
<solute name="MyCOD" unit="g.L-1">0.01</solute>
<solute name="pressure" unit="g.L-1">0.0</solute>
<uptake_rate name="o2d" unit="g.L-1.hour-1">0.0</uptake_rate>
<uptake_rate name="MyNH4" unit="g.L-1.hour-1">0.0</uptake_rate>
<uptake_rate name="MyNO3" unit="g.L-1.hour-1">0.0</uptake_rate>
<uptake_rate name="MyCOD" unit="g.L-1.hour-1">0.0</uptake_rate>
<uptake_rate name="pressure" unit="g.L-1.hour-1">0.0</uptake_rate>
</bulk>

</simulation>
</idynomics>
