<idynomics>
 <simulation iterate="340" time="34.00000000000021" unit="hour">
<thickness domain="MyBiofilm" unit="um">
	<mean>43.27272727272727</mean>
	<stddev>6.925021506465795</stddev>
	<max>60.0</max>
</thickness>
<globalProductionRate>
<solute name="o2d" unit="g.hour">
-0.0675703109353282</solute><solute name="MyNH4" unit="g.hour">
-0.0024187975301119225</solute><solute name="MyNO3" unit="g.hour">
0.0024187975301119225</solute><solute name="MyCOD" unit="g.hour">
-0.11991018627635723</solute><solute name="pressure" unit="g.hour">
0.0</solute></globalProductionRate>
<bulk name="MyTank">
<solute name="o2d" unit="g.L-1">0.01</solute>
<solute name="MyNH4" unit="g.L-1">0.006</solute>
<solute name="MyNO3" unit="g.L-1">0.0</solute>
<solute name="MyCOD" unit="g.L-1">0.01</solute>
<solute name="pressure" unit="g.L-1">0.0</solute>
<uptake_rate name="o2d" unit="g.L-1.hour-1">0.0</uptake_rate>
<uptake_rate name="MyNH4" unit="g.L-1.hour-1">0.0</uptake_rate>
<uptake_rate name="MyNO3" unit="g.L-1.hour-1">0.0</uptake_rate>
<uptake_rate name="MyCOD" unit="g.L-1.hour-1">0.0</uptake_rate>
<uptake_rate name="pressure" unit="g.L-1.hour-1">0.0</uptake_rate>
</bulk>

</simulation>
</idynomics>
