<idynomics>
 <simulation iterate="200" time="20.000000000000014" unit="hour">
<thickness domain="MyBiofilm" unit="um">
	<mean>17.41176470588235</mean>
	<stddev>6.64263257105558</stddev>
	<max>28.0</max>
</thickness>
<globalProductionRate>
<solute name="o2d" unit="g.hour">
-0.045501783978509514</solute><solute name="MyNH4" unit="g.hour">
-0.0019529688351245147</solute><solute name="MyNO3" unit="g.hour">
0.0019529688351245147</solute><solute name="MyCOD" unit="g.hour">
-0.08720845873137711</solute><solute name="pressure" unit="g.hour">
0.0</solute></globalProductionRate>
<bulk name="MyTank">
<solute name="o2d" unit="g.L-1">0.01</solute>
<solute name="MyNH4" unit="g.L-1">0.006</solute>
<solute name="MyNO3" unit="g.L-1">0.0</solute>
<solute name="MyCOD" unit="g.L-1">0.01</solute>
<solute name="pressure" unit="g.L-1">0.0</solute>
<uptake_rate name="o2d" unit="g.L-1.hour-1">0.0</uptake_rate>
<uptake_rate name="MyNH4" unit="g.L-1.hour-1">0.0</uptake_rate>
<uptake_rate name="MyNO3" unit="g.L-1.hour-1">0.0</uptake_rate>
<uptake_rate name="MyCOD" unit="g.L-1.hour-1">0.0</uptake_rate>
<uptake_rate name="pressure" unit="g.L-1.hour-1">0.0</uptake_rate>
</bulk>

</simulation>
</idynomics>
