<idynomics>
 <simulation iterate="560" time="56.000000000000526" unit="hour">
<thickness domain="MyBiofilm" unit="um">
	<mean>80.23529411764706</mean>
	<stddev>7.573400912673449</stddev>
	<max>92.0</max>
</thickness>
<globalProductionRate>
<solute name="o2d" unit="g.hour">
-0.08008936782749328</solute><solute name="MyNH4" unit="g.hour">
-0.00409979779941277</solute><solute name="MyNO3" unit="g.hour">
0.00409979779941277</solute><solute name="MyCOD" unit="g.hour">
-0.1070386010542682</solute><solute name="pressure" unit="g.hour">
0.0</solute></globalProductionRate>
<bulk name="MyTank">
<solute name="o2d" unit="g.L-1">0.01</solute>
<solute name="MyNH4" unit="g.L-1">0.006</solute>
<solute name="MyNO3" unit="g.L-1">0.0</solute>
<solute name="MyCOD" unit="g.L-1">0.01</solute>
<solute name="pressure" unit="g.L-1">0.0</solute>
<uptake_rate name="o2d" unit="g.L-1.hour-1">0.0</uptake_rate>
<uptake_rate name="MyNH4" unit="g.L-1.hour-1">0.0</uptake_rate>
<uptake_rate name="MyNO3" unit="g.L-1.hour-1">0.0</uptake_rate>
<uptake_rate name="MyCOD" unit="g.L-1.hour-1">0.0</uptake_rate>
<uptake_rate name="pressure" unit="g.L-1.hour-1">0.0</uptake_rate>
</bulk>

</simulation>
</idynomics>
