<idynomics>
 <simulation iterate="360" time="36.00000000000024" unit="hour">
<thickness domain="MyBiofilm" unit="um">
	<mean>45.93939393939394</mean>
	<stddev>7.885311984140893</stddev>
	<max>60.0</max>
</thickness>
<globalProductionRate>
<solute name="o2d" unit="g.hour">
-0.07019224341175949</solute><solute name="MyNH4" unit="g.hour">
-0.0026101020917391866</solute><solute name="MyNO3" unit="g.hour">
0.0026101020917391866</solute><solute name="MyCOD" unit="g.hour">
-0.12136288754137614</solute><solute name="pressure" unit="g.hour">
0.0</solute></globalProductionRate>
<bulk name="MyTank">
<solute name="o2d" unit="g.L-1">0.01</solute>
<solute name="MyNH4" unit="g.L-1">0.006</solute>
<solute name="MyNO3" unit="g.L-1">0.0</solute>
<solute name="MyCOD" unit="g.L-1">0.01</solute>
<solute name="pressure" unit="g.L-1">0.0</solute>
<uptake_rate name="o2d" unit="g.L-1.hour-1">0.0</uptake_rate>
<uptake_rate name="MyNH4" unit="g.L-1.hour-1">0.0</uptake_rate>
<uptake_rate name="MyNO3" unit="g.L-1.hour-1">0.0</uptake_rate>
<uptake_rate name="MyCOD" unit="g.L-1.hour-1">0.0</uptake_rate>
<uptake_rate name="pressure" unit="g.L-1.hour-1">0.0</uptake_rate>
</bulk>

</simulation>
</idynomics>
