<idynomics>
 <simulation iterate="720" time="72.00000000000018" unit="hour">
<thickness domain="MyBiofilm" unit="um">
	<mean>104.60606060606061</mean>
	<stddev>8.12754163114677</stddev>
	<max>116.0</max>
</thickness>
<globalProductionRate>
<solute name="o2d" unit="g.hour">
-0.08999595685393992</solute><solute name="MyNH4" unit="g.hour">
-0.005622495014495706</solute><solute name="MyNO3" unit="g.hour">
0.005622495014495706</solute><solute name="MyCOD" unit="g.hour">
-0.10093025694529599</solute><solute name="pressure" unit="g.hour">
0.0</solute></globalProductionRate>
<bulk name="MyTank">
<solute name="o2d" unit="g.L-1">0.01</solute>
<solute name="MyNH4" unit="g.L-1">0.006</solute>
<solute name="MyNO3" unit="g.L-1">0.0</solute>
<solute name="MyCOD" unit="g.L-1">0.01</solute>
<solute name="pressure" unit="g.L-1">0.0</solute>
<uptake_rate name="o2d" unit="g.L-1.hour-1">0.0</uptake_rate>
<uptake_rate name="MyNH4" unit="g.L-1.hour-1">0.0</uptake_rate>
<uptake_rate name="MyNO3" unit="g.L-1.hour-1">0.0</uptake_rate>
<uptake_rate name="MyCOD" unit="g.L-1.hour-1">0.0</uptake_rate>
<uptake_rate name="pressure" unit="g.L-1.hour-1">0.0</uptake_rate>
</bulk>

</simulation>
</idynomics>
