<idynomics>
 <simulation iterate="140" time="13.999999999999966" unit="hour">
<thickness domain="MyBiofilm" unit="um">
	<mean>10.545454545454545</mean>
	<stddev>5.377229821289415</stddev>
	<max>20.0</max>
</thickness>
<globalProductionRate>
<solute name="o2d" unit="g.hour">
-0.031192777356134984</solute><solute name="MyNH4" unit="g.hour">
-0.001861272882943234</solute><solute name="MyNO3" unit="g.hour">
0.001861272882943234</solute><solute name="MyCOD" unit="g.hour">
-0.055977992085089</solute><solute name="pressure" unit="g.hour">
0.0</solute></globalProductionRate>
<bulk name="MyTank">
<solute name="o2d" unit="g.L-1">0.01</solute>
<solute name="MyNH4" unit="g.L-1">0.006</solute>
<solute name="MyNO3" unit="g.L-1">0.0</solute>
<solute name="MyCOD" unit="g.L-1">0.01</solute>
<solute name="pressure" unit="g.L-1">0.0</solute>
<uptake_rate name="o2d" unit="g.L-1.hour-1">0.0</uptake_rate>
<uptake_rate name="MyNH4" unit="g.L-1.hour-1">0.0</uptake_rate>
<uptake_rate name="MyNO3" unit="g.L-1.hour-1">0.0</uptake_rate>
<uptake_rate name="MyCOD" unit="g.L-1.hour-1">0.0</uptake_rate>
<uptake_rate name="pressure" unit="g.L-1.hour-1">0.0</uptake_rate>
</bulk>

</simulation>
</idynomics>
