<idynomics>
 <simulation iterate="320" time="32.000000000000185" unit="hour">
<thickness domain="MyBiofilm" unit="um">
	<mean>38.42424242424242</mean>
	<stddev>6.9588848942580945</stddev>
	<max>52.0</max>
</thickness>
<globalProductionRate>
<solute name="o2d" unit="g.hour">
-0.06517315493740858</solute><solute name="MyNH4" unit="g.hour">
-0.002324611754690935</solute><solute name="MyNO3" unit="g.hour">
0.002324611754690935</solute><solute name="MyCOD" unit="g.hour">
-0.11807507463663376</solute><solute name="pressure" unit="g.hour">
0.0</solute></globalProductionRate>
<bulk name="MyTank">
<solute name="o2d" unit="g.L-1">0.01</solute>
<solute name="MyNH4" unit="g.L-1">0.006</solute>
<solute name="MyNO3" unit="g.L-1">0.0</solute>
<solute name="MyCOD" unit="g.L-1">0.01</solute>
<solute name="pressure" unit="g.L-1">0.0</solute>
<uptake_rate name="o2d" unit="g.L-1.hour-1">0.0</uptake_rate>
<uptake_rate name="MyNH4" unit="g.L-1.hour-1">0.0</uptake_rate>
<uptake_rate name="MyNO3" unit="g.L-1.hour-1">0.0</uptake_rate>
<uptake_rate name="MyCOD" unit="g.L-1.hour-1">0.0</uptake_rate>
<uptake_rate name="pressure" unit="g.L-1.hour-1">0.0</uptake_rate>
</bulk>

</simulation>
</idynomics>
