<idynomics>
 <simulation iterate="220" time="22.000000000000043" unit="hour">
<thickness domain="MyBiofilm" unit="um">
	<mean>20.64864864864865</mean>
	<stddev>6.273997028560825</stddev>
	<max>28.0</max>
</thickness>
<globalProductionRate>
<solute name="o2d" unit="g.hour">
-0.05076510837741675</solute><solute name="MyNH4" unit="g.hour">
-0.0019500328135442296</solute><solute name="MyNO3" unit="g.hour">
0.0019500328135442296</solute><solute name="MyCOD" unit="g.hour">
-0.09838465355407472</solute><solute name="pressure" unit="g.hour">
0.0</solute></globalProductionRate>
<bulk name="MyTank">
<solute name="o2d" unit="g.L-1">0.01</solute>
<solute name="MyNH4" unit="g.L-1">0.006</solute>
<solute name="MyNO3" unit="g.L-1">0.0</solute>
<solute name="MyCOD" unit="g.L-1">0.01</solute>
<solute name="pressure" unit="g.L-1">0.0</solute>
<uptake_rate name="o2d" unit="g.L-1.hour-1">0.0</uptake_rate>
<uptake_rate name="MyNH4" unit="g.L-1.hour-1">0.0</uptake_rate>
<uptake_rate name="MyNO3" unit="g.L-1.hour-1">0.0</uptake_rate>
<uptake_rate name="MyCOD" unit="g.L-1.hour-1">0.0</uptake_rate>
<uptake_rate name="pressure" unit="g.L-1.hour-1">0.0</uptake_rate>
</bulk>

</simulation>
</idynomics>
