<idynomics>
 <simulation iterate="80" time="7.999999999999988" unit="hour">
<thickness domain="MyBiofilm" unit="um">
	<mean>6.206896551724138</mean>
	<stddev>3.575581074983647</stddev>
	<max>12.0</max>
</thickness>
<globalProductionRate>
<solute name="o2d" unit="g.hour">
-0.0184066056559827</solute><solute name="MyNH4" unit="g.hour">
-0.0014725508720680439</solute><solute name="MyNO3" unit="g.hour">
0.0014725508720680439</solute><solute name="MyCOD" unit="g.hour">
-0.029709113102716005</solute><solute name="pressure" unit="g.hour">
0.0</solute></globalProductionRate>
<bulk name="MyTank">
<solute name="o2d" unit="g.L-1">0.01</solute>
<solute name="MyNH4" unit="g.L-1">0.006</solute>
<solute name="MyNO3" unit="g.L-1">0.0</solute>
<solute name="MyCOD" unit="g.L-1">0.01</solute>
<solute name="pressure" unit="g.L-1">0.0</solute>
<uptake_rate name="o2d" unit="g.L-1.hour-1">0.0</uptake_rate>
<uptake_rate name="MyNH4" unit="g.L-1.hour-1">0.0</uptake_rate>
<uptake_rate name="MyNO3" unit="g.L-1.hour-1">0.0</uptake_rate>
<uptake_rate name="MyCOD" unit="g.L-1.hour-1">0.0</uptake_rate>
<uptake_rate name="pressure" unit="g.L-1.hour-1">0.0</uptake_rate>
</bulk>

</simulation>
</idynomics>
