<idynomics>
 <simulation iterate="180" time="17.999999999999986" unit="hour">
<thickness domain="MyBiofilm" unit="um">
	<mean>13.93939393939394</mean>
	<stddev>5.91832999550725</stddev>
	<max>28.0</max>
</thickness>
<globalProductionRate>
<solute name="o2d" unit="g.hour">
-0.04108769289922464</solute><solute name="MyNH4" unit="g.hour">
-0.001955596203850681</solute><solute name="MyNO3" unit="g.hour">
0.001955596203850681</solute><solute name="MyCOD" unit="g.hour">
-0.07764675827872411</solute><solute name="pressure" unit="g.hour">
0.0</solute></globalProductionRate>
<bulk name="MyTank">
<solute name="o2d" unit="g.L-1">0.01</solute>
<solute name="MyNH4" unit="g.L-1">0.006</solute>
<solute name="MyNO3" unit="g.L-1">0.0</solute>
<solute name="MyCOD" unit="g.L-1">0.01</solute>
<solute name="pressure" unit="g.L-1">0.0</solute>
<uptake_rate name="o2d" unit="g.L-1.hour-1">0.0</uptake_rate>
<uptake_rate name="MyNH4" unit="g.L-1.hour-1">0.0</uptake_rate>
<uptake_rate name="MyNO3" unit="g.L-1.hour-1">0.0</uptake_rate>
<uptake_rate name="MyCOD" unit="g.L-1.hour-1">0.0</uptake_rate>
<uptake_rate name="pressure" unit="g.L-1.hour-1">0.0</uptake_rate>
</bulk>

</simulation>
</idynomics>
