<idynomics>
 <simulation iterate="520" time="52.00000000000047" unit="hour">
<thickness domain="MyBiofilm" unit="um">
	<mean>73.81818181818181</mean>
	<stddev>6.8995148949128255</stddev>
	<max>84.0</max>
</thickness>
<globalProductionRate>
<solute name="o2d" unit="g.hour">
-0.0768770653501407</solute><solute name="MyNH4" unit="g.hour">
-0.0034429554327807086</solute><solute name="MyNO3" unit="g.hour">
0.0034429554327807086</solute><solute name="MyCOD" unit="g.hour">
-0.11018157105058357</solute><solute name="pressure" unit="g.hour">
0.0</solute></globalProductionRate>
<bulk name="MyTank">
<solute name="o2d" unit="g.L-1">0.01</solute>
<solute name="MyNH4" unit="g.L-1">0.006</solute>
<solute name="MyNO3" unit="g.L-1">0.0</solute>
<solute name="MyCOD" unit="g.L-1">0.01</solute>
<solute name="pressure" unit="g.L-1">0.0</solute>
<uptake_rate name="o2d" unit="g.L-1.hour-1">0.0</uptake_rate>
<uptake_rate name="MyNH4" unit="g.L-1.hour-1">0.0</uptake_rate>
<uptake_rate name="MyNO3" unit="g.L-1.hour-1">0.0</uptake_rate>
<uptake_rate name="MyCOD" unit="g.L-1.hour-1">0.0</uptake_rate>
<uptake_rate name="pressure" unit="g.L-1.hour-1">0.0</uptake_rate>
</bulk>

</simulation>
</idynomics>
