<idynomics>
 <simulation iterate="440" time="44.000000000000355" unit="hour">
<thickness domain="MyBiofilm" unit="um">
	<mean>59.75757575757576</mean>
	<stddev>7.232210370994569</stddev>
	<max>76.0</max>
</thickness>
<globalProductionRate>
<solute name="o2d" unit="g.hour">
-0.07563113249329376</solute><solute name="MyNH4" unit="g.hour">
-0.003077879496848857</solute><solute name="MyNO3" unit="g.hour">
0.003077879496848857</solute><solute name="MyCOD" unit="g.hour">
-0.11973361083382054</solute><solute name="pressure" unit="g.hour">
0.0</solute></globalProductionRate>
<bulk name="MyTank">
<solute name="o2d" unit="g.L-1">0.01</solute>
<solute name="MyNH4" unit="g.L-1">0.006</solute>
<solute name="MyNO3" unit="g.L-1">0.0</solute>
<solute name="MyCOD" unit="g.L-1">0.01</solute>
<solute name="pressure" unit="g.L-1">0.0</solute>
<uptake_rate name="o2d" unit="g.L-1.hour-1">0.0</uptake_rate>
<uptake_rate name="MyNH4" unit="g.L-1.hour-1">0.0</uptake_rate>
<uptake_rate name="MyNO3" unit="g.L-1.hour-1">0.0</uptake_rate>
<uptake_rate name="MyCOD" unit="g.L-1.hour-1">0.0</uptake_rate>
<uptake_rate name="pressure" unit="g.L-1.hour-1">0.0</uptake_rate>
</bulk>

</simulation>
</idynomics>
