<idynomics>
 <simulation iterate="480" time="48.00000000000041" unit="hour">
<thickness domain="MyBiofilm" unit="um">
	<mean>68.0</mean>
	<stddev>6.43519733231875</stddev>
	<max>84.0</max>
</thickness>
<globalProductionRate>
<solute name="o2d" unit="g.hour">
-0.07578092577132853</solute><solute name="MyNH4" unit="g.hour">
-0.0031661065165421564</solute><solute name="MyNO3" unit="g.hour">
0.0031661065165421564</solute><solute name="MyCOD" unit="g.hour">
-0.11449586427644345</solute><solute name="pressure" unit="g.hour">
0.0</solute></globalProductionRate>
<bulk name="MyTank">
<solute name="o2d" unit="g.L-1">0.01</solute>
<solute name="MyNH4" unit="g.L-1">0.006</solute>
<solute name="MyNO3" unit="g.L-1">0.0</solute>
<solute name="MyCOD" unit="g.L-1">0.01</solute>
<solute name="pressure" unit="g.L-1">0.0</solute>
<uptake_rate name="o2d" unit="g.L-1.hour-1">0.0</uptake_rate>
<uptake_rate name="MyNH4" unit="g.L-1.hour-1">0.0</uptake_rate>
<uptake_rate name="MyNO3" unit="g.L-1.hour-1">0.0</uptake_rate>
<uptake_rate name="MyCOD" unit="g.L-1.hour-1">0.0</uptake_rate>
<uptake_rate name="pressure" unit="g.L-1.hour-1">0.0</uptake_rate>
</bulk>

</simulation>
</idynomics>
