<idynomics>
 <simulation iterate="300" time="30.000000000000156" unit="hour">
<thickness domain="MyBiofilm" unit="um">
	<mean>35.75757575757576</mean>
	<stddev>6.958884894258096</stddev>
	<max>52.0</max>
</thickness>
<globalProductionRate>
<solute name="o2d" unit="g.hour">
-0.06283299942931198</solute><solute name="MyNH4" unit="g.hour">
-0.0021337980802605184</solute><solute name="MyNO3" unit="g.hour">
0.0021337980802605184</solute><solute name="MyCOD" unit="g.hour">
-0.11710512215908474</solute><solute name="pressure" unit="g.hour">
0.0</solute></globalProductionRate>
<bulk name="MyTank">
<solute name="o2d" unit="g.L-1">0.01</solute>
<solute name="MyNH4" unit="g.L-1">0.006</solute>
<solute name="MyNO3" unit="g.L-1">0.0</solute>
<solute name="MyCOD" unit="g.L-1">0.01</solute>
<solute name="pressure" unit="g.L-1">0.0</solute>
<uptake_rate name="o2d" unit="g.L-1.hour-1">0.0</uptake_rate>
<uptake_rate name="MyNH4" unit="g.L-1.hour-1">0.0</uptake_rate>
<uptake_rate name="MyNO3" unit="g.L-1.hour-1">0.0</uptake_rate>
<uptake_rate name="MyCOD" unit="g.L-1.hour-1">0.0</uptake_rate>
<uptake_rate name="pressure" unit="g.L-1.hour-1">0.0</uptake_rate>
</bulk>

</simulation>
</idynomics>
