<idynomics>
 <simulation iterate="580" time="58.000000000000554" unit="hour">
<thickness domain="MyBiofilm" unit="um">
	<mean>83.75757575757575</mean>
	<stddev>6.06545260761057</stddev>
	<max>92.0</max>
</thickness>
<globalProductionRate>
<solute name="o2d" unit="g.hour">
-0.08145260041809135</solute><solute name="MyNH4" unit="g.hour">
-0.004281058234409624</solute><solute name="MyNO3" unit="g.hour">
0.004281058234409624</solute><solute name="MyCOD" unit="g.hour">
-0.10639153831127943</solute><solute name="pressure" unit="g.hour">
0.0</solute></globalProductionRate>
<bulk name="MyTank">
<solute name="o2d" unit="g.L-1">0.01</solute>
<solute name="MyNH4" unit="g.L-1">0.006</solute>
<solute name="MyNO3" unit="g.L-1">0.0</solute>
<solute name="MyCOD" unit="g.L-1">0.01</solute>
<solute name="pressure" unit="g.L-1">0.0</solute>
<uptake_rate name="o2d" unit="g.L-1.hour-1">0.0</uptake_rate>
<uptake_rate name="MyNH4" unit="g.L-1.hour-1">0.0</uptake_rate>
<uptake_rate name="MyNO3" unit="g.L-1.hour-1">0.0</uptake_rate>
<uptake_rate name="MyCOD" unit="g.L-1.hour-1">0.0</uptake_rate>
<uptake_rate name="pressure" unit="g.L-1.hour-1">0.0</uptake_rate>
</bulk>

</simulation>
</idynomics>
