<idynomics>
 <simulation iterate="500" time="50.00000000000044" unit="hour">
<thickness domain="MyBiofilm" unit="um">
	<mean>69.29729729729729</mean>
	<stddev>9.756120365559763</stddev>
	<max>84.0</max>
</thickness>
<globalProductionRate>
<solute name="o2d" unit="g.hour">
-0.07517635982477194</solute><solute name="MyNH4" unit="g.hour">
-0.003351113207640504</solute><solute name="MyNO3" unit="g.hour">
0.003351113207640504</solute><solute name="MyCOD" unit="g.hour">
-0.10889520453495831</solute><solute name="pressure" unit="g.hour">
0.0</solute></globalProductionRate>
<bulk name="MyTank">
<solute name="o2d" unit="g.L-1">0.01</solute>
<solute name="MyNH4" unit="g.L-1">0.006</solute>
<solute name="MyNO3" unit="g.L-1">0.0</solute>
<solute name="MyCOD" unit="g.L-1">0.01</solute>
<solute name="pressure" unit="g.L-1">0.0</solute>
<uptake_rate name="o2d" unit="g.L-1.hour-1">0.0</uptake_rate>
<uptake_rate name="MyNH4" unit="g.L-1.hour-1">0.0</uptake_rate>
<uptake_rate name="MyNO3" unit="g.L-1.hour-1">0.0</uptake_rate>
<uptake_rate name="MyCOD" unit="g.L-1.hour-1">0.0</uptake_rate>
<uptake_rate name="pressure" unit="g.L-1.hour-1">0.0</uptake_rate>
</bulk>

</simulation>
</idynomics>
