<idynomics>
 <simulation iterate="100" time="9.99999999999998" unit="hour">
<thickness domain="MyBiofilm" unit="um">
	<mean>6.4</mean>
	<stddev>3.666060555964672</stddev>
	<max>12.0</max>
</thickness>
<globalProductionRate>
<solute name="o2d" unit="g.hour">
-0.021968317466458193</solute><solute name="MyNH4" unit="g.hour">
-0.001667990605909385</solute><solute name="MyNO3" unit="g.hour">
0.001667990605909385</solute><solute name="MyCOD" unit="g.hour">
-0.03624341331004023</solute><solute name="pressure" unit="g.hour">
0.0</solute></globalProductionRate>
<bulk name="MyTank">
<solute name="o2d" unit="g.L-1">0.01</solute>
<solute name="MyNH4" unit="g.L-1">0.006</solute>
<solute name="MyNO3" unit="g.L-1">0.0</solute>
<solute name="MyCOD" unit="g.L-1">0.01</solute>
<solute name="pressure" unit="g.L-1">0.0</solute>
<uptake_rate name="o2d" unit="g.L-1.hour-1">0.0</uptake_rate>
<uptake_rate name="MyNH4" unit="g.L-1.hour-1">0.0</uptake_rate>
<uptake_rate name="MyNO3" unit="g.L-1.hour-1">0.0</uptake_rate>
<uptake_rate name="MyCOD" unit="g.L-1.hour-1">0.0</uptake_rate>
<uptake_rate name="pressure" unit="g.L-1.hour-1">0.0</uptake_rate>
</bulk>

</simulation>
</idynomics>
