<idynomics>
 <simulation iterate="420" time="42.00000000000033" unit="hour">
<thickness domain="MyBiofilm" unit="um">
	<mean>57.333333333333336</mean>
	<stddev>7.00937323384289</stddev>
	<max>68.0</max>
</thickness>
<globalProductionRate>
<solute name="o2d" unit="g.hour">
-0.07424968083904002</solute><solute name="MyNH4" unit="g.hour">
-0.0029848804549770574</solute><solute name="MyNO3" unit="g.hour">
0.0029848804549770574</solute><solute name="MyCOD" unit="g.hour">
-0.11973648536606248</solute><solute name="pressure" unit="g.hour">
0.0</solute></globalProductionRate>
<bulk name="MyTank">
<solute name="o2d" unit="g.L-1">0.01</solute>
<solute name="MyNH4" unit="g.L-1">0.006</solute>
<solute name="MyNO3" unit="g.L-1">0.0</solute>
<solute name="MyCOD" unit="g.L-1">0.01</solute>
<solute name="pressure" unit="g.L-1">0.0</solute>
<uptake_rate name="o2d" unit="g.L-1.hour-1">0.0</uptake_rate>
<uptake_rate name="MyNH4" unit="g.L-1.hour-1">0.0</uptake_rate>
<uptake_rate name="MyNO3" unit="g.L-1.hour-1">0.0</uptake_rate>
<uptake_rate name="MyCOD" unit="g.L-1.hour-1">0.0</uptake_rate>
<uptake_rate name="pressure" unit="g.L-1.hour-1">0.0</uptake_rate>
</bulk>

</simulation>
</idynomics>
