<idynomics>
 <simulation iterate="620" time="62.00000000000061" unit="hour">
<thickness domain="MyBiofilm" unit="um">
	<mean>89.88235294117646</mean>
	<stddev>6.807282890112675</stddev>
	<max>100.0</max>
</thickness>
<globalProductionRate>
<solute name="o2d" unit="g.hour">
-0.08387155668104945</solute><solute name="MyNH4" unit="g.hour">
-0.004550237362652829</solute><solute name="MyNO3" unit="g.hour">
0.004550237362652829</solute><solute name="MyCOD" unit="g.hour">
-0.10575247686219849</solute><solute name="pressure" unit="g.hour">
0.0</solute></globalProductionRate>
<bulk name="MyTank">
<solute name="o2d" unit="g.L-1">0.01</solute>
<solute name="MyNH4" unit="g.L-1">0.006</solute>
<solute name="MyNO3" unit="g.L-1">0.0</solute>
<solute name="MyCOD" unit="g.L-1">0.01</solute>
<solute name="pressure" unit="g.L-1">0.0</solute>
<uptake_rate name="o2d" unit="g.L-1.hour-1">0.0</uptake_rate>
<uptake_rate name="MyNH4" unit="g.L-1.hour-1">0.0</uptake_rate>
<uptake_rate name="MyNO3" unit="g.L-1.hour-1">0.0</uptake_rate>
<uptake_rate name="MyCOD" unit="g.L-1.hour-1">0.0</uptake_rate>
<uptake_rate name="pressure" unit="g.L-1.hour-1">0.0</uptake_rate>
</bulk>

</simulation>
</idynomics>
