<idynomics>
 <simulation iterate="460" time="46.000000000000384" unit="hour">
<thickness domain="MyBiofilm" unit="um">
	<mean>64.0</mean>
	<stddev>7.0487027548560865</stddev>
	<max>76.0</max>
</thickness>
<globalProductionRate>
<solute name="o2d" unit="g.hour">
-0.07531548731162468</solute><solute name="MyNH4" unit="g.hour">
-0.003170031235726337</solute><solute name="MyNO3" unit="g.hour">
0.003170031235726337</solute><solute name="MyCOD" unit="g.hour">
-0.1155025138226773</solute><solute name="pressure" unit="g.hour">
0.0</solute></globalProductionRate>
<bulk name="MyTank">
<solute name="o2d" unit="g.L-1">0.01</solute>
<solute name="MyNH4" unit="g.L-1">0.006</solute>
<solute name="MyNO3" unit="g.L-1">0.0</solute>
<solute name="MyCOD" unit="g.L-1">0.01</solute>
<solute name="pressure" unit="g.L-1">0.0</solute>
<uptake_rate name="o2d" unit="g.L-1.hour-1">0.0</uptake_rate>
<uptake_rate name="MyNH4" unit="g.L-1.hour-1">0.0</uptake_rate>
<uptake_rate name="MyNO3" unit="g.L-1.hour-1">0.0</uptake_rate>
<uptake_rate name="MyCOD" unit="g.L-1.hour-1">0.0</uptake_rate>
<uptake_rate name="pressure" unit="g.L-1.hour-1">0.0</uptake_rate>
</bulk>

</simulation>
</idynomics>
